{
  "version": "7",
  "dialect": "sqlite",
  "entries": [
    {
      "idx": 0,
      "version": "6",
      "when": 1743930610906,
      "tag": "0000_dusty_doorman",
      "breakpoints": true
    },
    {
      "idx": 1,
      "version": "6",
      "when": 1743931909240,
      "tag": "0001_sticky_dakota_north",
      "breakpoints": true
    },
    {
      "idx": 2,
      "version": "6",
      "when": 1743932832207,
      "tag": "0002_exotic_mattie_franklin",
      "breakpoints": true
    },
    {
      "idx": 3,
      "version": "6",
      "when": 1743933368173,
      "tag": "0003_panoramic_satana",
      "breakpoints": true
    }
  ]
}